{
  "feature_enabled": {
    "type": "boolean",
    "value": true,
    "description": "Enable main feature functionality"
  },
  "api_key": {
    "type": "text",
    "value": "",
    "description": "API key for external service",
    "maxLength": 100
  },
  "custom_css": {
    "type": "longtext",
    "value": "/* Custom CSS styles */\n.example { color: blue; }",
    "description": "Custom CSS for content injection",
    "maxLength": 50000
  },
  "refresh_interval": {
    "type": "number",
    "value": 60,
    "description": "Auto-refresh interval in seconds",
    "min": 1,
    "max": 3600
  },
  "advanced_config": {
    "type": "json",
    "value": {
      "endpoint": "https://api.example.com",
      "timeout": 5000,
      "retries": 3
    },
    "description": "Advanced configuration object"
  }
}